,id,name,popularity
0,66U0ASk1VHZsqIkpMjKX3B,Little Swing,59
1,5MhsZlmKJG6X5kTHkdwC4B,I'm an Albatraoz,72
2,0GZoB8h0kqXn7XFm4Sj06k,Yellow Flicker Beat - From The Hunger Games: Mockingjay Part 1,0
3,35kahykNu00FPysz3C2euR,White Teeth Teens,58
4,3G6hD9B2ZHOsgf4WfNu7X1,Team,77
5,6WQLkih8nE0JdUCEyLaGnQ,Heroes (we could be),0
6,37sINbJZcFdHFAsVNsPq1i,Superheroes,74
7,0yhPEz5KxlDwckGJaMlZqM,Centuries,0
8,5j9iuo3tMmQIfnEEQOOjxh,Best Day Of My Life,0
9,4eLSCSELtKxZwXnFbNLXT5,On Top Of The World,0
10,4PvD06Pmbm2rHG2JjSlElF,Beggin For Thread,58
11,57nNNkgk768QVXq3uHxu5e,Ways to Go,61
12,3y8AEUef1AVfr0npU5UOa9,Dangerous (feat. Joywave),61
13,5jJ69cMDMC0aeWPjZo6VP2,Lampshades on Fire,55
14,02b5L9jExmkRTdUTqXFzmR,Primadonna,51
15,6fKEplI9iN0JMHsRGQESaT,Firebird,47
16,3ebXMykcMXOcLeJ9xZ17XH,Scared to Be Lonely,77
17,1J9KJgXKFRqKGIzmJ7GjS3,Limelight - NGHTMRE Remix,32
18,6aBYg6Npa47VAqtEsLsUdz,Carmalude,23
19,0dA2Mk56wEzDgegdC6R17g,Stay (with Alessia Cara),0
20,3ik1fFvzdgmVuiob8t8NlG,All My Love,44
21,05BJQUM4bATKGFheqrC6CW,Coming Home,53
22,0rfGRC3ng0dxu0xZ3f1bWc,Smiles on Faces (with KBong),46
23,1azvKxDb5Vkph2KR7aq1Cx,Choice Is Yours (with Slightly Stoopid),57
24,1Gsv8f8KmowkF5BnfMIGKy,Sound of the Sea,58
25,3KYiA4vq6RPO1dE2XROXd8,You Give Love A Bad Name,0
26,252pAlbltOjOcUux4dRtjp,Must of Got Lost,57
27,1ynmMEK1fkyiZ6Z6F3ThEt,Centerfold,76
28,7vIyudiO2Tr9hZ2yzfwQmx,Waitin' On A Sunny Day,59
29,12yHvSYFXI7PGzNecUvIDu,Saturday Nightâ€™s Alright (For Fighting) - Remastered 2014,68
30,6koWevx9MqN6efQ6qreIbm,A Walk,0
31,2F46y5zSlBKOqco0k8xQAM,Tell Me,0
32,00YnfZzpODxlE6nNwfPCbv,Quand Vas Tu Rentrer ?,38
33,3PiyMOuCTB4Rc624hRr2rC,Paracosm,0
34,6IE47jpPeatF2Iay7GZtEc,Feel It All Around,0
35,6BOtDFg6GJm0rPUDuNmx57,Wake Up,51
36,6F609ICg9Spjrw1epsAnpa,Controlla,0
37,14WWzenpaEgQZlqPq2nk4v,Work,0
38,1xznGGDReH1oQq0xzbwXa3,One Dance,0
39,1vxw6aYJls2oq3gW0DujAo,Crazy,75
40,4tCtwWceOPWzenK2HAIJSb,Work from Home (feat. Ty Dolla $ign),75
41,2ZyuwVvV6Z3XJaXIFbspeE,Wild Things,16
42,7yHEDfrJNd0zWOfXwydNH0,Into You,0
43,3tRFqxTYOjeTmCiVaGDCsq,Be Alright,0
44,0wz1LjDb9ZNEYwOmDJ3Q4b,Surfin' U.S.A. - Remastered 2001,72
45,1AJ5F0FMTC3yFU3ocjy1gE,Surfer Girl - Remastered 2001,52
46,75WMOzv7195ziyx0qEw1yE,Little Deuce Coupe - Remastered,51
47,62fX8EW16l8St2yL8rMer9,In My Room - Remastered,50
48,6RrXd9Hph4hYR4bf3dbM6H,My Girl,0
49,31kTKEPu5PPTTODydIYai0,Mint Leaf,22
